{
  "modelName": "NaiveBayes",
  "means": [
    [
      1100,
      900
    ],
    [
      800,
      1200
    ],
    [
      1100,
      900
    ]
  ],
  "calculateProbabilities": [
    [
      -0.6931471805599453,
      [
        0.0028209479177387815,
        -40000
      ],
      [
        0.0028209479177387815,
        -40000
      ]
    ],
    [
      -1.3862943611198906,
      [
        null,
        null
      ],
      [
        null,
        null
      ]
    ],
    [
      -1.3862943611198906,
      [
        null,
        null
      ],
      [
        null,
        null
      ]
    ]
  ]
}